"discotope prediction for None chain A. Columns are in the order of Chain Id,Residue Id,Residue Name,Contact Number,Propensity Score,DiscoTope Score and Prediction."
chain_id,residue_id,residue_name,contact_number,propensity_score,discotope_score
A,29,THR,11,-3.374,-8.874
A,30,VAL,11,-4.904,-10.404
A,31,SER,15,-5.279,-12.779
A,32,HIS,10,-4.605,-9.605
A,33,GLU,14,-5.07,-12.07
A,34,VAL,16,-6.639,-14.639
A,35,ALA,19,-6.81,-16.31
A,36,ASP,18,-8.018,-17.018
A,37,CYS,21,-6.884,-17.384
A,38,SER,20,-6.848,-16.848
A,39,HIS,14,-4.533,-11.533
A,40,LEU,14,-3.952,-10.952
A,41,LYS,15,-3.067,-10.567
A,42,LEU,18,-3.006,-12.006
A,43,THR,14,-0.968,-7.968
A,44,GLN,15,-0.812,-8.312
A,45,VAL,18,-0.808,-9.808
A,46,PRO,12,-0.936,-6.936
A,47,ASP,11,-0.076,-5.576
A,48,ASP,9,0.239,-4.261
A,49,LEU,16,-1.925,-9.925
A,50,PRO,13,-2.081,-8.581
A,51,THR,13,-1.844,-8.344
A,52,ASN,16,-4.328,-12.328
A,53,ILE,19,-5.475,-14.975
A,54,THR,19,-5.719,-15.219
A,55,VAL,21,-8.453,-18.953
A,56,LEU,22,-8.554,-19.554
A,57,ASN,18,-7.472,-16.472
A,58,LEU,24,-6.884,-18.884
A,59,THR,25,-6.598,-19.098
A,60,HIS,20,-5.277,-15.277
A,61,ASN,22,-4.49,-15.49
A,62,GLN,19,-2.474,-11.974
A,63,LEU,22,-1.966,-12.966
A,64,ARG,17,-0.083,-8.583
A,65,ARG,17,-1.47,-9.97
A,66,LEU,18,-2.514,-11.514
A,67,PRO,17,-3.776,-12.276
A,68,ALA,18,-4.896,-13.896
A,69,ALA,12,-2.773,-8.773
A,70,ASN,15,-2.642,-10.142
A,71,PHE,20,-4.019,-14.019
A,72,THR,15,-3.77,-11.27
A,73,ARG,17,-1.961,-10.461
A,74,TYR,20,-3.759,-13.759
A,75,SER,18,-4.525,-13.525
A,76,GLN,19,-5.164,-14.664
A,77,LEU,23,-7.348,-18.848
A,78,THR,20,-7.304,-17.304
A,79,SER,22,-8.022,-19.022
A,80,LEU,20,-6.204,-16.204
A,81,ASP,20,-6.412,-16.412
A,82,VAL,25,-5.139,-17.639
A,83,GLY,25,-4.508,-17.008
A,84,PHE,24,-3.527,-15.527
A,85,ASN,24,-1.903,-13.903
A,86,THR,20,-0.287,-10.287
A,87,ILE,22,-0.402,-11.402
A,88,SER,16,0.355,-7.645
A,89,LYS,18,-2.311,-11.311
A,90,LEU,20,-4.917,-14.917
A,91,GLU,15,-4.776,-12.276
A,92,PRO,19,-7.938,-17.438
A,93,GLU,19,-8.33,-17.83
A,94,LEU,21,-8.384,-18.884
A,95,CYS,23,-11.255,-22.755
A,96,GLN,20,-8.478,-18.478
A,97,LYS,23,-7.149,-18.649
A,98,LEU,25,-9.554,-22.054
A,99,PRO,18,-8.75,-17.75
A,100,MET,19,-8.334,-17.834
A,101,LEU,24,-10.64,-22.64
A,102,LYS,22,-9.617,-20.617
A,103,VAL,23,-8.898,-20.398
A,104,LEU,21,-8.267,-18.767
A,105,ASN,21,-5.714,-16.214
A,106,LEU,24,-4.362,-16.362
A,107,GLN,24,-4.232,-16.232
A,108,HIS,23,-3.023,-14.523
A,109,ASN,23,-0.649,-12.149
A,110,GLU,19,0.108,-9.392
A,111,LEU,21,-0.335,-10.835
A,112,SER,19,1.987,-7.513
A,113,GLN,17,1.577,-6.923
A,114,LEU,19,1.567,-7.933
A,115,SER,17,-0.438,-8.938
A,116,ASP,16,-0.948,-8.948
A,117,LYS,18,-4.627,-13.627
A,118,THR,19,-5.669,-15.169
A,119,PHE,26,-6.851,-19.851
A,120,ALA,19,-4.193,-13.693
A,121,PHE,20,-9.642,-19.642
A,122,CYS,29,-11.227,-25.727
A,123,THR,21,-6.765,-17.265
A,124,ASN,20,-8.039,-18.039
A,125,LEU,26,-10.343,-23.343
A,126,THR,20,-8.014,-18.014
A,127,GLU,21,-7.513,-18.013
A,128,LEU,21,-6.168,-16.668
A,129,HIS,20,-5.14,-15.14
A,130,LEU,24,-3.062,-15.062
A,131,MET,26,-3.778,-16.778
A,132,SER,24,-2.579,-14.579
A,133,ASN,24,-1.105,-13.105
A,134,SER,21,0.456,-10.044
A,135,ILE,22,1.026,-9.974
A,136,GLN,16,2.183,-5.817
A,137,LYS,18,1.832,-7.168
A,138,ILE,20,3.227,-6.773
A,139,LYS,15,2.151,-5.349
A,140,ASN,16,2.7,-5.3
A,141,ASN,21,0.498,-10.002
A,142,PRO,18,0.657,-8.343
A,143,PHE,24,-2.32,-14.32
A,144,VAL,20,-0.626,-10.626
A,145,LYS,20,-4.093,-14.093
A,146,GLN,25,-6.67,-19.17
A,147,LYS,18,-4.009,-13.009
A,148,ASN,18,-6.37,-15.37
A,149,LEU,24,-7.892,-19.892
A,150,ILE,22,-6.888,-17.888
A,151,THR,21,-7.454,-17.954
A,152,LEU,22,-5.691,-16.691
A,153,ASP,21,-5.442,-15.942
A,154,LEU,24,-4.111,-16.111
A,155,SER,27,-3.942,-17.442
A,156,HIS,23,-2.624,-14.124
A,157,ASN,22,-0.342,-11.342
A,158,GLY,20,0.093,-9.907
A,159,LEU,24,-0.145,-12.145
A,160,SER,18,1.172,-7.828
A,161,SER,20,-0.311,-10.311
A,162,THR,21,-0.943,-11.443
A,163,LYS,21,-0.807,-11.307
A,164,LEU,22,1.306,-9.694
A,165,GLY,21,0.36,-10.14
A,166,THR,15,-0.598,-8.098
A,167,GLN,14,-1.142,-8.142
A,168,VAL,17,-2.355,-10.855
A,169,GLN,21,-1.544,-12.044
A,170,LEU,25,-3.705,-16.205
A,171,GLU,21,-4.185,-14.685
A,172,ASN,19,-4.978,-14.478
A,173,LEU,24,-6.692,-18.692
A,174,GLN,21,-7.546,-18.046
A,175,GLU,20,-6.679,-16.679
A,176,LEU,19,-5.821,-15.321
A,177,LEU,22,-6.229,-17.229
A,178,LEU,26,-4.846,-17.846
A,179,SER,25,-5.382,-17.882
A,180,ASN,23,-3.073,-14.573
A,181,ASN,27,-1.394,-14.894
A,182,LYS,19,-0.398,-9.898
A,183,ILE,22,-0.587,-11.587
A,184,GLN,17,0.139,-8.361
A,185,ALA,17,-0.618,-9.118
A,186,LEU,23,-3.484,-14.984
A,187,LYS,20,-5.175,-15.175
A,188,SER,19,-7.097,-16.597
A,189,GLU,15,-5.273,-12.773
A,190,GLU,18,-4.997,-13.997
A,191,LEU,22,-7.779,-18.779
A,192,ASP,23,-8.405,-19.905
A,193,ILE,22,-6.466,-17.466
A,194,PHE,24,-7.855,-19.855
A,195,ALA,19,-6.195,-15.695
A,196,ASN,18,-6.046,-15.046
A,197,SER,20,-7.008,-17.008
A,198,SER,20,-7.976,-17.976
A,199,LEU,25,-10.172,-22.672
A,200,LYS,20,-7.677,-17.677
A,201,LYS,23,-8.707,-20.207
A,202,LEU,20,-7.426,-17.426
A,203,GLU,23,-6.535,-18.035
A,204,LEU,26,-5.502,-18.502
A,205,SER,27,-5.285,-18.785
A,206,SER,23,-4.194,-15.694
A,207,ASN,24,-1.862,-13.862
A,208,GLN,19,-0.301,-9.801
A,209,ILE,21,-0.226,-10.726
A,210,LYS,15,0.422,-7.078
A,211,GLU,15,-2.377,-9.877
A,212,PHE,20,-6.409,-16.409
A,213,SER,15,-5.767,-13.267
A,214,PRO,16,-7.304,-15.304
A,215,GLY,19,-9.571,-19.071
A,216,CYS,18,-8.178,-17.178
A,217,PHE,25,-11.85,-24.35
A,218,HIS,20,-10.345,-20.345
A,219,ALA,20,-8.795,-18.795
A,220,ILE,21,-8.566,-19.066
A,221,GLY,18,-6.895,-15.895
A,222,ARG,21,-8.992,-19.492
A,223,LEU,24,-10.396,-22.396
A,224,PHE,19,-6.634,-16.134
A,225,GLY,21,-7.872,-18.372
A,226,LEU,22,-7.635,-18.635
A,227,PHE,21,-6.113,-16.613
A,228,LEU,24,-4.945,-16.945
A,229,ASN,26,-5.506,-18.506
A,230,ASN,22,-4.218,-15.218
A,231,VAL,22,-3.381,-14.381
A,232,GLN,22,-3.53,-14.53
A,233,LEU,24,-5.625,-17.625
A,234,GLY,19,-4.082,-13.582
A,235,PRO,19,-6.077,-15.577
A,236,SER,16,-6.602,-14.602
A,237,LEU,18,-5.8,-14.8
A,238,THR,23,-9.17,-20.67
A,239,GLU,22,-10.724,-21.724
A,240,LYS,23,-11.067,-22.567
A,241,LEU,23,-11.369,-22.869
A,242,CYS,20,-11.37,-21.37
A,243,LEU,22,-12.519,-23.519
A,244,GLU,20,-11.862,-21.862
A,245,LEU,23,-13.102,-24.602
A,246,ALA,21,-11.222,-21.722
A,247,ASN,16,-7.526,-15.526
A,248,THR,21,-9.677,-20.177
A,249,SER,21,-9.063,-19.563
A,250,ILE,25,-9.771,-22.271
A,251,ARG,20,-6.781,-16.781
A,252,ASN,21,-7.761,-18.261
A,253,LEU,21,-6.95,-17.45
A,254,SER,22,-6.706,-17.706
A,255,LEU,25,-6.617,-19.117
A,256,SER,26,-6.362,-19.362
A,257,ASN,24,-4.435,-16.435
A,258,SER,25,-5.022,-17.522
A,259,GLN,21,-3.837,-14.337
A,260,LEU,26,-3.514,-16.514
A,261,SER,18,-1.203,-10.203
A,262,THR,19,-2.624,-12.124
A,263,THR,24,-5.743,-17.743
A,264,SER,19,-5.286,-14.786
A,265,ASN,17,-5.474,-13.974
A,266,THR,21,-8.651,-19.151
A,267,THR,24,-10.135,-22.135
A,268,PHE,24,-10.616,-22.616
A,269,LEU,22,-11.102,-22.102
A,270,GLY,22,-12.297,-23.297
A,271,LEU,26,-12.271,-25.271
A,272,LYS,20,-8.973,-18.973
A,273,TRP,18,-8.039,-17.039
A,274,THR,21,-8.682,-19.182
A,275,ASN,20,-7.275,-17.275
A,276,LEU,24,-8.372,-20.372
A,277,THR,20,-6.623,-16.623
A,278,MET,21,-6.968,-17.468
A,279,LEU,21,-6.119,-16.619
A,280,ASP,22,-6.177,-17.177
A,281,LEU,23,-4.862,-16.362
A,282,SER,27,-4.779,-18.279
A,283,TYR,23,-3.941,-15.441
A,284,ASN,26,-3.625,-16.625
A,285,ASN,23,-1.352,-12.852
A,286,LEU,26,-1.21,-14.21
A,287,ASN,20,0.526,-9.474
A,288,VAL,20,-1.387,-11.387
A,289,VAL,22,-3.175,-14.175
A,290,GLY,21,-4.246,-14.746
A,291,ASN,18,-3.894,-12.894
A,292,ASP,21,-5.699,-16.199
A,293,SER,23,-6.625,-18.125
A,294,PHE,26,-8.149,-21.149
A,295,ALA,23,-7.635,-19.135
A,296,TRP,23,-7.543,-19.043
A,297,LEU,27,-9.093,-22.593
A,298,PRO,20,-6.315,-16.315
A,299,GLN,21,-6.898,-17.398
A,300,LEU,25,-8.073,-20.573
A,301,GLU,20,-7.275,-17.275
A,302,TYR,21,-7.031,-17.531
A,303,PHE,20,-5.691,-15.691
A,304,PHE,22,-3.54,-14.54
A,305,LEU,24,-1.943,-13.943
A,306,GLU,26,-1.267,-14.267
A,307,TYR,24,-0.924,-12.924
A,308,ASN,25,-0.69,-13.19
A,309,ASN,21,0.273,-10.227
A,310,ILE,23,0.422,-11.078
A,311,GLN,20,-0.16,-10.16
A,312,HIS,19,-1.087,-10.587
A,313,LEU,21,-2.029,-12.529
A,314,PHE,20,-2.607,-12.607
A,315,SER,19,-4.06,-13.56
A,316,HIS,21,-5.437,-15.937
A,317,SER,25,-5.641,-18.141
A,318,LEU,22,-6.586,-17.586
A,319,HIS,22,-7.57,-18.57
A,320,GLY,22,-8.447,-19.447
A,321,LEU,28,-11.398,-25.398
A,322,PHE,22,-9.0,-20.0
A,323,ASN,19,-8.311,-17.811
A,324,VAL,24,-9.962,-21.962
A,325,ARG,21,-8.306,-18.806
A,326,TYR,21,-7.554,-18.054
A,327,LEU,20,-5.041,-15.041
A,328,ASN,21,-2.497,-12.997
A,329,LEU,22,-0.601,-11.601
A,330,LYS,24,-1.414,-13.414
A,331,ARG,24,1.239,-10.761
A,332,SER,28,0.938,-13.062
A,333,PHE,30,0.988,-14.012
A,334,THR,23,0.264,-11.236
A,335,LYS,20,0.639,-9.361
A,336,GLN,17,-1.353,-9.853
A,337,SER,11,-3.069,-8.569
A,338,ILE,9,-3.044,-7.544
A,339,SER,7,-2.785,-6.285
A,340,LEU,8,-3.141,-7.141
A,341,ALA,9,-3.404,-7.904
A,342,SER,14,-2.808,-9.808
A,343,LEU,20,-0.808,-10.808
A,344,PRO,21,0.64,-9.86
A,345,LYS,18,0.918,-8.082
A,346,ILE,22,0.783,-10.217
A,347,ASP,16,-1.199,-9.199
A,348,ASP,19,-1.556,-11.056
A,349,PHE,20,-3.425,-13.425
A,350,SER,21,-4.584,-15.084
A,351,PHE,24,-6.385,-18.385
A,352,GLN,23,-6.363,-17.863
A,353,TRP,23,-8.018,-19.518
A,354,LEU,26,-9.383,-22.383
A,355,LYS,20,-8.297,-18.297
A,356,CYS,19,-8.271,-17.771
A,357,LEU,26,-10.595,-23.595
A,358,GLU,21,-8.258,-18.758
A,359,HIS,21,-6.07,-16.57
A,360,LEU,20,-4.437,-14.437
A,361,ASN,22,-3.042,-14.042
A,362,MET,24,-1.217,-13.217
A,363,GLU,25,-0.909,-13.409
A,364,ASP,24,0.259,-11.741
A,365,ASN,25,0.47,-12.03
A,366,ASP,23,0.506,-10.994
A,367,ILE,22,0.393,-10.607
A,368,PRO,17,-0.226,-8.726
A,369,GLY,17,-0.829,-9.329
A,370,ILE,20,-2.124,-12.124
A,371,LYS,18,-1.263,-10.263
A,372,SER,16,-1.949,-9.949
A,373,ASN,19,-3.369,-12.869
A,374,MET,22,-3.273,-14.273
A,375,PHE,24,-5.758,-17.758
A,376,THR,24,-7.044,-19.044
A,377,GLY,23,-8.634,-20.134
A,378,LEU,27,-10.929,-24.429
A,379,ILE,21,-9.552,-20.052
A,380,ASN,18,-8.043,-17.043
A,381,LEU,25,-9.947,-22.447
A,382,LYS,20,-8.241,-18.241
A,383,TYR,22,-7.612,-18.612
A,384,LEU,19,-4.135,-13.635
A,385,SER,22,-3.827,-14.827
A,386,LEU,22,-2.54,-13.54
A,387,SER,23,-3.169,-14.669
A,388,ASN,25,-1.395,-13.895
A,389,SER,28,0.422,-13.578
A,390,PHE,23,1.147,-10.353
A,391,THR,19,-0.198,-9.698
A,392,SER,17,-0.089,-8.589
A,393,LEU,21,-0.426,-10.926
A,394,ARG,18,-0.775,-9.775
A,395,THR,16,-2.48,-10.48
A,396,LEU,20,-3.622,-13.622
A,397,THR,17,-4.582,-13.082
A,398,ASN,17,-5.365,-13.865
A,399,GLU,16,-4.517,-12.517
A,400,THR,20,-4.797,-14.797
A,401,PHE,22,-6.322,-17.322
A,402,VAL,22,-6.527,-17.527
A,403,SER,21,-4.914,-15.414
A,404,LEU,23,-7.918,-19.418
A,405,ALA,19,-7.597,-17.097
A,406,HIS,18,-7.165,-16.165
A,407,SER,23,-9.743,-21.243
A,408,PRO,20,-8.949,-18.949
A,409,LEU,25,-10.913,-23.413
A,410,HIS,20,-8.496,-18.496
A,411,ILE,23,-9.265,-20.765
A,412,LEU,20,-7.717,-17.717
A,413,ASN,22,-5.963,-16.963
A,414,LEU,25,-6.04,-18.54
A,415,THR,24,-4.936,-16.936
A,416,LYS,22,-3.392,-14.392
A,417,ASN,26,-2.466,-15.466
A,418,LYS,20,-1.579,-11.579
A,419,ILE,23,-2.316,-13.816
A,420,SER,20,-1.082,-11.082
A,421,LYS,18,-1.173,-10.173
A,422,ILE,23,-2.192,-13.692
A,423,GLU,18,-1.384,-10.384
A,424,SER,18,-1.413,-10.413
A,425,ASP,19,-2.675,-12.175
A,426,ALA,22,-5.151,-16.151
A,427,PHE,27,-7.915,-21.415
A,428,SER,22,-5.916,-16.916
A,429,TRP,24,-8.989,-20.989
A,430,LEU,27,-8.739,-22.239
A,431,GLY,20,-6.388,-16.388
A,432,HIS,18,-6.397,-15.397
A,433,LEU,25,-9.263,-21.763
A,434,GLU,20,-7.658,-17.658
A,435,VAL,21,-8.052,-18.552
A,436,LEU,21,-7.306,-17.806
A,437,ASP,20,-6.475,-16.475
A,438,LEU,25,-4.994,-17.494
A,439,GLY,26,-5.732,-18.732
A,440,LEU,22,-3.631,-14.631
A,441,ASN,23,-1.972,-13.472
A,442,GLU,20,-1.445,-11.445
A,443,ILE,24,-1.925,-13.925
A,444,GLY,18,0.185,-8.815
A,445,GLN,17,0.195,-8.305
A,446,GLU,18,-0.66,-9.66
A,447,LEU,21,-1.237,-11.737
A,448,THR,19,-2.236,-11.736
A,449,GLY,20,-2.68,-12.68
A,450,GLN,21,-3.654,-14.154
A,451,GLU,22,-3.164,-14.164
A,452,TRP,25,-4.519,-17.019
A,453,ARG,20,-4.287,-14.287
A,454,GLY,20,-5.247,-15.247
A,455,LEU,24,-8.26,-20.26
A,456,GLU,19,-6.344,-15.844
A,457,ASN,17,-6.298,-14.798
A,458,ILE,24,-8.523,-20.523
A,459,PHE,22,-7.673,-18.673
A,460,GLU,22,-8.363,-19.363
A,461,ILE,20,-6.681,-16.681
A,462,TYR,21,-6.251,-16.751
A,463,LEU,23,-6.446,-17.946
A,464,SER,26,-6.292,-19.292
A,465,TYR,22,-4.837,-15.837
A,466,ASN,22,-3.435,-14.435
A,467,LYS,17,-2.051,-10.551
A,468,TYR,19,-1.339,-10.839
A,469,LEU,20,-1.938,-11.938
A,470,GLN,17,-1.766,-10.266
A,471,LEU,23,-0.581,-12.081
A,472,THR,23,-0.541,-12.041
A,473,ARG,20,-0.186,-10.186
A,474,ASN,19,-1.368,-10.868
A,475,SER,22,-1.187,-12.187
A,476,PHE,25,-2.541,-15.041
A,477,ALA,20,-2.579,-12.579
A,478,LEU,20,-3.266,-13.266
A,479,VAL,24,-4.83,-16.83
A,480,PRO,19,-4.238,-13.738
A,481,SER,20,-5.44,-15.44
A,482,LEU,25,-7.729,-20.229
A,483,GLN,20,-6.642,-16.642
A,484,ARG,22,-6.856,-17.856
A,485,LEU,21,-5.037,-15.537
A,486,MET,22,-6.321,-17.321
A,487,LEU,24,-4.916,-16.916
A,488,ARG,24,-4.731,-16.731
A,489,ARG,23,-3.594,-15.094
A,490,VAL,27,-4.301,-17.801
A,491,ALA,23,-2.827,-14.327
A,492,LEU,20,-1.978,-11.978
A,493,LYS,16,-0.352,-8.352
A,494,ASN,18,0.439,-8.561
A,495,VAL,23,1.389,-10.111
A,496,ASP,20,1.819,-8.181
A,497,SER,19,1.05,-8.45
A,498,SER,16,1.001,-6.999
A,499,PRO,17,1.092,-7.408
A,500,SER,25,-0.317,-12.817
A,501,PRO,24,-0.026,-12.026
A,502,PHE,27,-2.037,-15.537
A,503,GLN,22,-1.611,-12.611
A,504,PRO,23,-4.331,-15.831
A,505,LEU,27,-5.453,-18.953
A,506,ARG,20,-4.582,-14.582
A,507,ASN,19,-6.248,-15.748
A,508,LEU,25,-6.55,-19.05
A,509,THR,22,-6.869,-17.869
A,510,ILE,22,-7.184,-18.184
A,511,LEU,22,-5.182,-16.182
A,512,ASP,22,-4.289,-15.289
A,513,LEU,24,-3.43,-15.43
A,514,SER,26,-3.626,-16.626
A,515,ASN,22,-2.555,-13.555
A,516,ASN,22,-2.04,-13.04
A,517,ASN,20,-0.26,-10.26
A,518,ILE,22,0.045,-10.955
A,519,ALA,15,1.646,-5.854
A,520,ASN,17,1.326,-7.174
A,521,ILE,20,0.95,-9.05
A,522,ASN,18,1.148,-7.852
A,523,ASP,18,0.075,-8.925
A,524,ASP,21,0.949,-9.551
A,525,MET,20,0.958,-9.042
A,526,LEU,24,-2.283,-14.283
A,527,GLU,21,-1.49,-11.99
A,528,GLY,19,-1.817,-11.317
A,529,LEU,24,-5.358,-17.358
A,530,GLU,19,-5.644,-15.144
A,531,LYS,19,-6.403,-15.903
A,532,LEU,24,-7.352,-19.352
A,533,GLU,21,-8.028,-18.528
A,534,ILE,22,-7.492,-18.492
A,535,LEU,21,-5.724,-16.224
A,536,ASP,21,-4.835,-15.335
A,537,LEU,25,-3.175,-15.675
A,538,GLN,27,-3.26,-16.76
A,539,HIS,23,-2.166,-13.666
A,540,ASN,22,0.235,-10.765
A,541,ASN,20,1.338,-8.662
A,542,LEU,22,1.195,-9.805
A,543,ALA,21,0.603,-9.897
A,544,ARG,20,2.28,-7.72
A,545,LEU,26,1.889,-11.111
A,546,TRP,19,0.168,-9.332
A,547,LYS,18,1.063,-7.937
A,548,HIS,15,1.006,-6.494
A,549,ALA,11,1.524,-3.976
A,550,ASN,13,1.614,-4.886
A,551,PRO,11,1.779,-3.721
A,552,GLY,9,1.611,-2.889
A,553,GLY,13,1.005,-5.495
A,554,PRO,20,0.156,-9.844
A,555,ILE,23,0.432,-11.068
A,556,TYR,19,-3.262,-12.762
A,557,PHE,18,-2.541,-11.541
A,558,LEU,21,-5.079,-15.579
A,559,LYS,19,-4.811,-14.311
A,560,GLY,19,-6.215,-15.715
A,561,LEU,24,-8.792,-20.792
A,562,SER,19,-7.793,-17.293
A,563,HIS,19,-7.731,-17.231
A,564,LEU,25,-10.051,-22.551
A,565,HIS,23,-8.594,-20.094
A,566,ILE,21,-7.752,-18.252
A,567,LEU,21,-6.536,-17.036
A,568,ASN,21,-4.457,-14.957
A,569,LEU,23,-2.912,-14.412
A,570,GLU,24,-3.128,-15.128
A,571,SER,25,-2.58,-15.08
A,572,ASN,25,-0.826,-13.326
A,573,GLY,22,-1.497,-12.497
A,574,PHE,25,-2.084,-14.584
A,575,ASP,19,-1.635,-11.135
A,576,GLU,20,-2.452,-12.452
A,577,ILE,21,-2.907,-13.407
A,578,PRO,19,-3.106,-12.606
A,579,VAL,16,-4.412,-12.412
A,580,GLU,19,-5.532,-15.032
A,581,VAL,18,-4.721,-13.721
A,582,PHE,22,-6.841,-17.841
A,583,LYS,20,-6.16,-16.16
A,584,ASP,18,-6.437,-15.437
A,585,LEU,25,-8.355,-20.855
A,586,PHE,21,-6.965,-17.465
A,587,GLU,19,-6.518,-16.018
A,588,LEU,25,-8.867,-21.367
A,589,LYS,21,-7.093,-17.593
A,590,ILE,21,-6.186,-16.686
A,591,ILE,20,-5.787,-15.787
A,592,ASP,21,-4.309,-14.809
A,593,LEU,25,-3.531,-16.031
A,594,GLY,26,-3.035,-16.035
A,595,LEU,22,-2.743,-13.743
A,596,ASN,23,-2.552,-14.052
A,597,ASN,20,-1.916,-11.916
A,598,LEU,21,-2.803,-13.303
A,599,ASN,18,-2.339,-11.339
A,600,THR,16,-3.323,-11.323
A,601,LEU,20,-3.969,-13.969
A,602,PRO,15,-3.115,-10.615
A,603,ALA,17,-3.74,-12.24
A,604,SER,19,-4.369,-13.869
A,605,VAL,22,-5.576,-16.576
A,606,PHE,23,-5.714,-17.214
A,607,ASN,19,-3.959,-13.459
A,608,ASN,19,-4.99,-14.49
A,609,GLN,23,-6.739,-18.239
A,610,VAL,18,-4.729,-13.729
A,611,SER,17,-5.627,-14.127
A,612,LEU,26,-7.05,-20.05
A,613,LYS,20,-4.296,-14.296
A,614,SER,22,-4.76,-15.76
A,615,LEU,21,-4.768,-15.268
A,616,ASN,20,-3.408,-13.408
A,617,LEU,23,-3.276,-14.776
A,618,GLN,21,-2.361,-12.861
A,619,LYS,21,-2.385,-12.885
A,620,ASN,23,-2.165,-13.665
A,621,LEU,19,-2.663,-12.163
A,622,ILE,22,-3.717,-14.717
A,623,THR,20,-6.426,-16.426
A,624,SER,21,-10.159,-20.659
A,625,VAL,22,-8.529,-19.529
A,626,GLU,16,-6.74,-14.74
A,627,LYS,18,-6.384,-15.384
A,628,LYS,14,-3.325,-10.325
A,629,VAL,19,-4.247,-13.747
A,630,PHE,20,-5.02,-15.02
A,631,GLY,19,-4.095,-13.595
A,632,PRO,19,-3.32,-12.82
A,633,ALA,22,-4.353,-15.353
A,634,PHE,23,-3.166,-14.666
A,635,ARG,15,-1.675,-9.175
A,636,ASN,17,-1.512,-10.012
A,637,LEU,21,-2.596,-13.096
A,638,THR,16,-0.931,-8.931
A,639,GLU,18,-1.552,-10.552
A,640,LEU,19,-0.878,-10.378
A,641,ASP,20,-1.057,-11.057
A,642,MET,21,-1.728,-12.228
A,643,ARG,22,-2.653,-13.653
A,644,PHE,19,-3.384,-12.884
A,645,ASN,21,-3.702,-14.202
A,646,PRO,21,-2.751,-13.251
A,647,PHE,23,-5.349,-16.849
A,648,ASP,22,-6.638,-17.638
A,649,CYS,23,-5.74,-17.24
A,650,THR,15,-7.363,-14.863
A,651,CYS,12,-8.293,-14.293
A,652,GLU,13,-8.583,-15.083
A,653,SER,17,-9.773,-18.273
A,654,ILE,20,-10.223,-20.223
A,655,ALA,17,-8.747,-17.247
A,656,TRP,16,-7.533,-15.533
A,657,PHE,19,-7.693,-17.193
A,658,VAL,14,-5.107,-12.107
A,659,ASN,11,-2.493,-7.993
A,660,TRP,16,-2.137,-10.137
A,661,ILE,15,-0.765,-8.265
A,662,ASN,9,-0.025,-4.525
A,663,GLU,9,0.959,-3.541
A,664,THR,16,0.078,-7.922
A,665,HIS,13,1.089,-5.411
A,666,THR,18,-0.256,-9.256
A,667,ASN,14,0.447,-6.553
A,668,ILE,16,1.295,-6.705
A,669,PRO,15,-0.828,-8.328
A,670,GLU,12,-1.266,-7.266
A,671,LEU,16,-1.373,-9.373
A,672,SER,12,-1.026,-7.026
A,673,SER,11,-1.102,-6.602
A,674,HIS,15,-0.862,-8.362
A,675,TYR,18,-1.211,-10.211
A,676,LEU,21,-1.794,-12.294
A,677,CYS,23,-2.235,-13.735
A,678,ASN,18,0.492,-8.508
A,679,THR,17,-0.497,-8.997
A,680,PRO,12,-0.929,-6.929
A,681,PRO,12,1.363,-4.637
A,682,HIS,11,2.044,-3.456
A,683,TYR,16,-0.004,-8.004
A,684,HIS,16,0.616,-7.384
A,685,GLY,14,1.306,-5.694
A,686,PHE,15,0.669,-6.831
A,687,PRO,15,-0.997,-8.497
